495.100000000006,314061.866690002,8.17376682626205
995.335000000006,313829.813943741,8.1439123311616
1496.05200000001,314247.88798033,8.15904510775772
1994.30600000001,314078.403602546,8.17216312715178
2496.62700000001,313962.095354705,8.17077608732403
2997.24100000001,314085.394424211,8.15021825102634
3498.81600000001,314190.314503295,8.16777663037004
4001.26700000001,314203.078676871,8.16981905206698
4500.65400000001,314078.923208217,8.14999319424031
4999.413,314237.855703629,8.16112043150581
5500.345,314242.95921988,8.18696402103877
6001.31700000001,314133.66505651,8.1561137988263
6500.81800000001,314394.074996098,8.17613985212084
7001.21500000001,314007.706470171,8.146979371519
7502.56200000001,314206.467037381,8.16938038044423
8002.512,314023.0891435,8.19320817365317
8501.947,314162.662219553,8.16240310334894
9002.74000000001,314002.756760362,8.16650623168325
9502.65300000001,314104.198888953,8.17907283022172
10003.885,314043.407639081,8.15688403407109
10505.107,314160.871300031,8.16356586380145
11004.783,314135.008400793,8.16450454211518
11503.218,313998.953944991,8.15135004725433
12001.192,314100.357542743,8.16946800879546
12501.147,314068.756355417,8.152351601596
13000.258,314079.397897562,8.19973357815625
13501.593,313994.090642747,8.19649570180775
14000.779,314062.269478243,8.16659950009966
14500.462,314201.99472224,8.16625902824129
15001.249,313987.020697818,8.16845695503414
15502.528,314086.583412802,8.19056191060134
16002.737,314211.049305126,8.15888035968819
16501.974,313980.990318667,8.17044728288788
17000.68,313926.602533423,8.17181927881798
17500.94,314200.94738284,8.15421734958337
18000.192,314170.600121823,8.19013861002539
18499.7,314215.569930853,8.16194735680284
18998.99,313982.866646429,8.15157793765579
19498.799,314018.435436388,8.17749608935715
20001.38,314161.870810701,8.16889727967369
20501.326,314290.832379357,8.18419087416637
20998.615,314070.347209769,8.16006199239333
21500.89,314115.249648482,8.17767432790738
22001.426,314325.713291851,8.15114021099718
22500.186,314224.741936735,8.16224042835456
23002.245,314043.05271178,8.1555356348044
23503.885,314007.854082617,8.18557234656503
24002.739,314187.36961969,8.1714566523891
24499.88,314263.812462549,8.18332861272473
25002.244,313963.12114118,8.15533978798167
25501.636,314032.039081043,8.15320445043349
26001.617,314049.130074131,8.16669834146494
26503.562,313973.107064985,8.16898418717487
27019.536,314135.459536778,8.14152016683105
27537.121,314217.294592575,8.15914999872979
28054.612,313818.582612732,8.18010980043311
28571.658,314090.028409361,8.15272884834013
29089.184,314233.96196715,8.15389399449506
29607.159,314129.516448815,8.15166830839268
30125.547,314084.437447604,8.1691117645502
30643.332,314035.755694645,8.17262568675868
31162.001,314435.513188393,8.1622398547843
31679.841,314225.007512781,8.15291428721593
32198.431,314078.217996028,8.18198720308063
32717.282,314035.939458343,8.16301634424364
33236.931,314196.143583932,8.17476587568734
33745.499,313993.39414883,8.19312846441584
34246.086,314012.89125669,8.16873666168894
34748.406,314023.855831399,8.17421512636031
35249.248,314218.732957698,8.15984611208927
35747.394,314091.773192249,8.17226979232575
36248.018,313916.982641747,8.16220014838138
36750.077,313994.596217014,8.17229181358635
37250.629,313930.151131572,8.1667314207269
37751.459,314404.839033671,8.17530207111584
38254.154,314331.847460395,8.16205770128131
38756.827,314147.262629276,8.16213874588499
39256.362,314088.431657447,8.14076691339501
39754.684,314273.938379847,8.15663303156991
40253.413,314034.943043787,8.17342194675566
40751.306,314118.342076132,8.16213998345059
41251.269,314357.14931465,8.15680931181671
41750.089,314002.46652568,8.16633591224878
42250.814,314062.937462086,8.16068192901515
42757.37,314147.023004883,8.19304352434939
43275.974,313973.702489575,8.1567230095832
43792.788,314015.905409573,8.1632109282618
44311.281,314237.480084776,8.15089943191516
44831.245,314063.541089879,8.16832801723198
45349.922,314044.971919956,8.17298082129859
45868.102,314007.552721552,8.1832803006212
46389.409,314123.462908424,8.1589776395988
46909.001,314012.103226864,8.14784876532471
47427.154,313987.238406647,8.16844078447282
47946.193,314090.0317783,8.15595767495034
48466.063,314109.797013602,8.16834139446333
48983.602,314044.828765823,8.18680221304503
49502.188,314422.986127001,8.16821983887254
50002.929,314321.76527509,8.16688981380217
50503.132,314139.631672845,8.16861266037859
51004.524,314116.601874333,8.17858424479709
51506.739,314140.194999637,8.16909816658631
52008.127,314181.513669104,8.17829299147515
52506.863,314161.673253572,8.16938097164753
53005.017,313969.272434185,8.17871820007888
53502.679,314125.867474713,8.16640517476508
54003.004,314212.140944172,8.15890721098008
54504.356,313979.555975394,8.18236807740081
55005.676,314144.509288393,8.16071223135296
55506.677,314283.505907978,8.14507325253715
56004.93,314071.219174094,8.17739386353903
56505.224,313907.517925077,8.15961679171641
57008.049,314161.609722606,8.19787488382644
57508.341,314038.97478644,8.17675631319704
58010.038,314220.357198399,8.15445400757819
58510.104,313995.462012345,8.15638922138692
59010.822,314273.857381375,8.15608827635077
59511.844,314090.167064029,8.14574695071944
60009.841,314159.896904632,8.16979215760835
60509.628,314032.450970217,8.16842609704277
61010.041,314052.4726727,8.16738902309594
61509.413,314068.053097976,8.15511959153079
62006.428,314058.982781189,8.18899188222222
62506.084,314061.823274473,8.17311692358908
63006.413,314133.822914166,8.17722015747256
63505.012,314231.62415099,8.16098451898778
64005.269,314185.901057161,8.14409479180469
64506.205,314023.474806013,8.15499622801705
65006.023,314146.215954214,8.15071409507129
65505.534,314197.341920589,8.17404961637428
66005.04,314052.295713609,8.18442594609449
66506.065,314139.77905347,8.17342631084601
67007.058,313938.293455566,8.18042240470169
67507.354,314290.893701682,8.16732196166831
68007.337,314009.612874698,8.16052512287879
68507.494,313952.811255849,8.18078387969086
69008.669,314225.888281362,8.16926727156752
69507.742,314221.905651929,8.17454202622805
70007.84,313914.517559983,8.15954918784297
70509.535,314057.013202022,8.15660764825936
71008.47,314084.169411088,8.14988034912641
71509.792,314015.876723464,8.16784559834632
72011.381,314121.856953473,8.15559255616086
72514.426,314130.841401989,8.18049315715539
73014.741,314093.3677847,8.13904241452079
73515.456,314115.65751429,8.18358886100109
74014.033,313975.686659659,8.16385014256852
74514.119,314199.787096432,8.17085818146334
75016.192,314140.92106515,8.16485316751377
75515.909,314260.153014616,8.15880174895048
76017.193,313976.393227918,8.18284716000768
76516.57,314115.49307305,8.17231436881749
77015.407,314182.828255024,8.18015065556739
77515.086,314076.651624489,8.1918051126457
78016.514,314019.684127648,8.17455190117247
78518.174,314132.45721009,8.16699892362953
79017.917,314219.494616407,8.1815092185373
79517.125,314235.944255163,8.17106088813768
80017.596,314274.926228568,8.16405356386251
80515.634,314020.390327866,8.15188879816034
81016.174,313989.243000059,8.16335491162557
81517.092,314217.500533995,8.16303386572075
82017.861,313999.084943588,8.16825907304596
82517.184,314199.211877722,8.16521914582411
83017.292,314041.352025051,8.1796567553324
83517.375,314067.825071993,8.15824100997927
84018.193,314274.332243955,8.18836772771356
84517.623,314056.780196369,8.16286671820024
85017.508,314043.483257073,8.16792684455059
85518.797,314139.118755923,8.17940309950954
86016.816,313973.863761213,8.14589076139545
86515.061,314013.973091268,8.1523530481226
87016.494,314099.810889665,8.17618977181414
87517.313,314304.552856685,8.17670837156712
88016.108,314111.234104363,8.17594878118608
88516.932,313870.84817877,8.15841341438203
89018.44,314157.871693345,8.15468108941997
89518.82,314007.356326534,8.19045622977082
90016.478,314172.879162002,8.18348558923621
90516.253,314000.03635367,8.16250628473229
91015.793,314214.196591981,8.16568508095515
91514.711,314055.070661071,8.15838361156547
92014.387,314045.463855992,8.17455300288722
92514.797,314072.685865055,8.17570936253306
93016.276,314101.260911314,8.17103263373364
93516.213,314176.392290067,8.15677844955927
94016.09,314119.650556622,8.15093936024815
94516.057,314153.130980914,8.15170959659986
95016.93,314013.932436222,8.16102663509592
95515.929,313991.866607638,8.17385719958544
96017.088,314067.488624435,8.16667832443431
96517.056,314097.898896571,8.18634548848854
97016.434,314075.095091249,8.17000851792094
97516.858,313954.264411091,8.15439288797415
98016.494,313921.160569248,8.1782049652489
98517.097,314190.322654096,8.159985198596
99017.236,313976.022694478,8.14776057898847
99517.199,314130.344791034,8.18251200778477
100016.652,314120.762299157,8.15444059607076
100516.689,314078.94246913,8.1756196085644
101016.069,314060.419402168,8.18437339355111
101517.685,313977.118565535,8.16248666584718
102018.15,314148.73777684,8.15366139963297
102518.908,314132.417762029,8.16073356799992
103020.368,314027.472414093,8.16978769321035
103520.589,314254.595437342,8.17249469661279
104021.467,314094.513929293,8.17725097193134
104521.618,314264.051604083,8.18798326083518
105021.989,313882.374788286,8.18556729098513
105522.686,313976.271852794,8.18103312369208
106023.417,314217.495534634,8.16276651980146
106524.89,314187.636007198,8.1749935369492
107026.78,314209.3063699,8.15991224320789
107528.991,314319.75240784,8.17471743423255
108029.161,314126.64274519,8.16922135817935
108533.666,314052.325853632,8.17544940540304
109035.787,313968.399424217,8.14763454774289
109535.429,314075.834006768,8.17399499154388
110033.185,314191.694698941,8.15922298089977
110533.47,314257.76615016,8.1639567564606
111033.758,313958.391484916,8.168147495137
111534.831,314100.322504509,8.18444183836527
112035.088,314244.540119968,8.17554632005399
112533.605,314300.460533532,8.14170285955569
113034.992,314059.903914789,8.16047687877207
113534.57,314183.560478415,8.14828985063602
114034.026,314132.565809278,8.15958948971789
114533.36,314213.342758005,8.14504949083302
115031.483,314268.935111074,8.19785139256024
115530.614,314073.818247399,8.16731178953791
116029.201,314020.97390704,8.13976918469197
116528.831,313923.697363619,8.18154754474711
117030.155,314129.009719721,8.17976227339777
117531.447,314096.39664797,8.17146502025057
118031.69,314116.476267,8.16701264523212
118530.327,313973.692121087,8.15666887970599
119029.096,314057.293003707,8.16966673259692
119527.764,314243.440548494,8.18484506231826
120026.512,314063.817229008,8.16383275995407
120527.468,314153.883561683,8.1857315757433
121026.559,314090.710299356,8.167308569736
121526.113,314167.14548779,8.1514608441106
122025.785,314225.762815861,8.206643631257
122527.161,314084.717063323,8.18600755377024
123026.753,314103.499715146,8.17363529488043
123527.833,314061.528057396,8.17110344742721
124027.499,313805.253932791,8.16960593098193
124526.787,314141.320796877,8.15505653312507
125026.289,314054.374078657,8.19733605196102
125528.512,314033.545513072,8.15776390449339
126030.128,314225.021784526,8.16765926736587
126531.016,314056.09724193,8.148620415527
127032.568,314069.690431037,8.16729736343396
127533.01,314052.212638205,8.17859803782261
128034.916,314189.173895263,8.16881981252389
128537.447,314019.170704199,8.17413949762677
129037.228,314190.250696276,8.1578606812944
129549.119,314180.767827575,8.17014621535905
130069.045,314179.699395664,8.14935680051848
130571.387,314115.169496274,8.15707396643505
131070.354,314135.53140473,8.16902265457827
131571.288,313779.837873639,8.15564351442456
132072.006,314031.501068071,8.18159660791809
132573.86,313878.495734691,8.16101452917338
133073.238,314122.092245626,8.16573664783249
133572.26,314112.247487141,8.16995320029543
134072.851,314390.660873207,8.16795736664101
134569.544,313937.67644767,8.17612338131278
135068.598,314123.33240972,8.15961389666444
135569.998,313982.510315793,8.16265091119608
136070.431,314175.334729885,8.1562017759101
136571.228,314158.326442542,8.17339111367876
137070.899,314015.80148409,8.16129580048783
137568.578,314129.481044817,8.16275136481494
138068.748,314237.273926938,8.16777831707424
138571.527,314171.016196842,8.18423710971293
139071.1,314140.668676288,8.16067910236567
139572.962,314167.299680026,8.16840747983362
140074.231,314073.443330947,8.17245960299261
140576.355,314018.244885965,8.16064862639384
141079.695,314081.084016913,8.18039236241197
141578.391,313908.157357707,8.15836244881228
142078.862,314226.935924917,8.19019939564614
142580.236,314146.375999207,8.15435823500047
143078.84,314174.165907591,8.14398615240753
143579.196,314138.343877794,8.15901268566112
144079.166,314067.945756892,8.16640520358218
144579.578,314188.872323059,8.15798642569809
145080.285,314174.921984668,8.15120526393813
145578.969,313931.364229033,8.18181758034206
146080.127,314003.855650083,8.16713065292857
146582.316,314135.134211094,8.15278277151454
147086.612,314119.796973038,8.14958764017481
147587.368,314108.814966872,8.16984443006237
148087.254,314226.97465673,8.19310399672826
148589.402,313950.60602601,8.15192659594718
149091.312,314029.108896392,8.17372362773414
149592.86,313990.44271244,8.16047331542648
150095.985,313961.881112804,8.14612522465648
150597.114,314063.156206659,8.18495042830678
151095.591,314097.443140503,8.17235783613148
151595.086,314418.89734805,8.17922692532234
152093.255,314089.888967986,8.15187585526351
152593.927,314190.832552654,8.19382116034943
153096.492,313994.97622164,8.1570736662744
153597.445,314169.810821111,8.1579111367683
154095.795,314125.220994378,8.15553834969356
154596.791,314083.78778771,8.16871509931581
155098.792,314009.067092774,8.1879326623386
155598.105,314068.569485563,8.1357368650919
156100.138,314092.276449938,8.17597271164562
156601.55,314126.802298429,8.15546834980784
157099.457,314152.740852691,8.1535328468285
157600.607,314116.62025006,8.16588997514861
158100.57,313998.911655453,8.15129070526801
158599.228,314173.00904046,8.18104875561952
159101.019,314200.207066387,8.16771369283656
159601.417,314069.897579332,8.16003651244496
160100.99,314112.209084324,8.16271986506172
160599.879,314165.378788599,8.15954462790682
161100.429,314153.699384515,8.17268810619018
161599.571,314142.419656438,8.16983081072172
162101.414,314201.037129604,8.16886494745848
162601.078,313856.982309545,8.17860354855336
163102.54,314299.646092999,8.17489014452932
163603.528,314136.281146641,8.15111460963428
164104.311,314169.820741813,8.15719319241352
164605.645,314151.456530624,8.18223473874381
165107.258,314186.482213029,8.14901536020806
165608.856,314043.701757285,8.18074410948397
166110.519,314267.340667099,8.15565496171561
166613.894,313977.512020623,8.16464651419055
167117.132,314043.976628537,8.18717520691848
167617.11,314149.351539984,8.19827112464255
168120.384,314031.021214066,8.18232958100388
168632.426,314280.999536434,8.14099497426492
169136.581,313978.165300699,8.15427513953865
169638.3,314101.679800761,8.15377984610294
170138.497,314223.64817473,8.16770739658661
170638.237,314064.772500138,8.18528823694595
171139.834,314313.25336988,8.15609958778457
171639.744,314219.770638836,8.17699439008726
172139.96,314229.351615998,8.16289790490769
172641.034,314130.092475283,8.16164013880887
173143.123,314067.090671215,8.14781108558926
173644.562,314144.930538489,8.14785207960574
174144.917,314111.603901428,8.18342634780503
174644.421,314331.723848829,8.16315878256914
175144.797,314162.674991305,8.17003524661817
175645.108,314220.584250498,8.16640149929918
176145.071,314140.22098723,8.1500937863254
176647.669,314101.763307722,8.17113237636665
177146.2,314032.528513314,8.15695989752446
177647.644,314100.69895856,8.16566241481474
178148.339,314154.707730946,8.15458324221165
178648.835,314140.916234083,8.17551751378326
179148.793,314052.057026069,8.15380025805639
179649.317,314094.485223043,8.17214761517273
180149.034,314064.308470775,8.16782451097272
180647.904,314127.148106224,8.14828908334765
181147.012,314175.405074969,8.16894785817409
181645.789,314060.639202643,8.17487212306555
182146.167,314107.74542861,8.16155353323176
182647.436,314205.734404463,8.17185560922768
183149.369,314231.583867205,8.16633680459098
183650.744,313997.073292439,8.15022792352118
184149.731,314073.144597516,8.17739600504111
184650.29,314232.764589409,8.16683152828463
185150.762,314129.547287195,8.16185676775804
185651.206,313997.774929277,8.15863250429993
186152.447,314200.340022548,8.16571444901853
186653.495,313878.93800082,8.16850276037991
187155.235,314302.026414924,8.14114090085496
187656.178,314029.045458664,8.17752540187851
188155.838,314129.646238746,8.17854866004708
188656.309,313992.804532214,8.15582914281541
189156.253,314025.632643916,8.17054492758986
189656.445,314182.219948048,8.1738111455345
190156.996,314139.012535163,8.17075130627708
190656.885,314088.763210307,8.16645133414815
191157.735,314134.046796764,8.16353413414793
191657.7,314079.87199022,8.14487802979612
192157.24,314174.145360848,8.15480751167822
192657.474,314038.366867249,8.19094659986916
193155.701,313975.088521594,8.17334583857515
193655.744,313886.400145971,8.15862478832903
194156.139,314016.382409263,8.16532524340698
194655.107,314044.548279012,8.1674216137714
195156.141,314126.345243687,8.14677180596678
195656.703,314130.050456824,8.1743628898392
196158.008,313927.982924647,8.16378783094196
196660.806,314184.284295437,8.17358613763037
197161.289,314178.795827555,8.1672062124268
197661.28,314138.002166148,8.16984634465548
198161.557,314066.188755386,8.19474933448304
198661.803,313883.675835474,8.17895942972876
199162.877,314077.826844812,8.15379870730486
199663.179,314045.009940264,8.17092732161658
200162.158,314130.925814022,8.15581527510892
200662.693,313970.305235662,8.19060154683094
201163.079,313759.725834399,8.16084366927972
201663.449,313934.568344512,8.15869858271443
202163.829,314152.09076318,8.16706892534198
202661.781,314000.330764775,8.18509352462956
203160.967,313956.653759453,8.15963848099868
203661.7,314021.759831428,8.17310107371979
204161.894,314097.331480116,8.14398656413938
204663.601,313948.25704872,8.15691040937072
205162.265,314055.388093651,8.13917495499447
205663.043,314102.347117913,8.1752732108332
206162.266,314042.65636808,8.17051325834405
206663.364,314303.08357315,8.18187208858659
207164.451,314237.568760084,8.16197484644649
207666.806,314212.692192286,8.16668681732125
208167.973,314076.330370519,8.17445869190678
208670.146,314060.013957366,8.1632115490787
209171.876,314049.515190238,8.17962019556439
209670.8,314167.841393575,8.18208989225561
210171.705,314033.902615955,8.18649405791012
210671.272,314216.464226154,8.16325053285984
211172.851,314217.765867649,8.13822349762654
211673.48,314104.115542545,8.15821630105875
212173.226,314326.9899876,8.15782425079717
212672.818,314226.795447295,8.17467292766366
213169.856,314080.478462806,8.16396526952101
213670.08,314272.33757267,8.17517952988568
214171.306,314105.048428323,8.1674936884568
214669.534,314261.18364843,8.16325287749744
215167.951,314144.54866574,8.15321413305154
215676.824,314185.544107858,8.15861450266446
216194.181,314157.484410728,8.1566748516204
216711.636,314149.16870956,8.17701861288897
217231.492,314161.008577202,8.158837154482
217751.379,314205.566236375,8.18277499363851
218268.778,314177.087285037,8.15237303380592
218788.898,314142.215224736,8.15414986559585
219308.706,314207.631124037,8.18226741300296
219826.508,314055.333254053,8.18530261807981
220344.73,314227.568332083,8.16072052229394
220863.401,314195.29096256,8.18677395431911
221383.567,314110.20919236,8.16217050154124
221901.468,314356.430918045,8.17135155421772
222417.947,314018.609686816,8.18305231637495
222936.69,314142.152997604,8.16383573622901
223456.206,314274.042732215,8.17768443349304
223973.808,314095.519103486,8.16604126235929
224493.037,314335.814331109,8.1625677564508
225012.098,314135.384931688,8.16200781706485
225531.849,314060.979524607,8.1693082003126
226051.956,314243.394653657,8.15690836646526
226569.779,314145.13667636,8.14708914101337
227086.016,314183.641212462,8.16116962397585
227604.976,314040.837829302,8.16889753807411
228124.75,314113.851181442,8.17952421452631
228644.616,313900.575628975,8.16128990200156
229162.673,314088.957391703,8.14609697771462
229681.165,314090.922404598,8.158352660914
230182.526,314003.077008581,8.15371824812667
230684.056,314151.775919613,8.16665741727354
231185.24,314242.162949256,8.15923853005465
231687.513,314237.973328986,8.16327710355722
232186.501,314113.978824348,8.19016705630345
232686.147,314169.277579831,8.17201609761095
233182.524,314083.442586332,8.14861808573366
233681.822,314185.25576228,8.1600133292595
234183.432,314137.914190915,8.18586237216669
234686.149,314150.298910107,8.16084078934651
235187.989,314046.10496338,8.15909423296467
235689.822,313933.33225351,8.15818911678835
236189.891,314249.489368849,8.15512621286341
236687.558,314254.629554899,8.17088567241452
237185.279,314159.569572961,8.14378970864395
237685.761,314119.802065785,8.17003715362442
238185.945,314130.063958839,8.1604826420402
238686.447,314265.801844207,8.16621713613809
239187.694,314217.636138705,8.14993423258551
239688.991,314266.494974825,8.17840354698265
240189.13,313921.615514164,8.16023590650763
240689.847,313952.680828961,8.16238608120109
241189.611,314226.78553139,8.15949699750879
241692.571,314161.625524757,8.17034830147216
242194.11,314143.450182013,8.14752878505934
242695.727,314269.321558216,8.18378500085675
243195.475,314188.18793149,8.16014671590067
243693.547,314072.002708662,8.14422468224877
244194.32,314058.236900735,8.16680124057749
244695.025,314165.31052927,8.15223124245997
245192.559,314165.586596091,8.17287326410019
245690.792,314031.132915201,8.16588106173397
246191.86,314119.712461956,8.1543915894415
246691.425,314144.254074542,8.17272635304345
247191.197,314068.617464286,8.1638593950304
247691.162,313990.78072161,8.14068621128091
248192.828,314052.957712496,8.18480834587806
248694.505,313992.313677417,8.16301675222389
249194.991,314204.930510981,8.17137740386026
249697.335,314038.740294121,8.17368981679017
250197.463,314010.418275179,8.15847199477673
250696.049,314201.107362126,8.14322746557673
251197.376,314080.218604878,8.17787332476749
251698.043,314049.81436004,8.17522703743664
252200.23,314095.963561286,8.16779018429902
252700.719,314134.922052167,8.18387198108261
253200.404,314026.003794912,8.17834047785938
253698.216,314254.915426856,8.15951978234068
254198.417,314180.933878815,8.18237701429473
254696.87,314224.962945763,8.16761136541412
255195.591,314016.050867089,8.17008348050155
255696.249,313994.608603061,8.15978995229399
256195.839,314143.019651926,8.1767780579336
256695.689,314237.520233592,8.15720040070161
257197.757,314158.575821781,8.17148169280321
257698.472,314044.391811362,8.16271654100564
258200.33,314207.847676641,8.17052652089062
258700.329,314103.365135194,8.13388422412165
259201.074,314039.606344756,8.15059151466006
259702.471,314312.195891829,8.18460981495299
260202.029,314052.194097741,8.17034083658544
260701.745,314065.762860747,8.16087888414083
261202.964,314096.625870522,8.16174725754746
261703.284,314418.402534398,8.17740809886633
262204.776,314157.166818358,8.1613963935524
262705.539,313977.781688082,8.18097282182955
263203.782,314220.111351004,8.1844535152405
263703.552,314229.681179819,8.15604029593437
264201.641,314099.917982689,8.16871718289369
264703.358,314168.293774159,8.17325321418434
265203.539,314111.014743682,8.15139433852452
265705.839,313989.586544867,8.17145903845618
266207.783,314177.465565505,8.13919752473196
266707.855,314133.196560692,8.1483234330262
267207.313,314245.510365795,8.1544101825258
267706.644,314196.046160672,8.16905994875133
268206.73,314260.318253666,8.16639932224313
268706.971,314207.427888905,8.1771330181342
269207.009,314124.406509466,8.17354250947552
269708.641,313991.176467213,8.1761873943016
270209.668,314167.226122341,8.16001306818018
270709.846,314123.399634412,8.12800947198709
271212.383,314130.095686833,8.16372407873676
271710.264,314150.435520249,8.17446778952201
272208.672,314102.423695766,8.18227322688542
272709.162,314308.854035576,8.16317820096315
273208.146,314048.402512309,8.15660515786649
273707.367,314166.238630552,8.17008483023186
274212.691,314159.789874865,8.14774932440002
274714.166,313997.581631952,8.1707100798928
275214.093,314080.743144673,8.1636657170436
275712.702,314295.556400015,8.16876635186455
276214.689,313978.96651437,8.16928914715721
276714.913,314296.28636618,8.15561614582341
277214.326,314074.395445678,8.16224762036499
277714.577,313987.412499014,8.16158509485003
278214.718,314234.426294217,8.15831579637357
278713.22,314195.392231373,8.16984379552418
279212.267,314028.743096672,8.16845769012674
279712.712,314085.940801485,8.1687976434066
280213.208,314121.746951473,8.15306003982107
280712.625,314108.822959997,8.17812742425174
281214.734,314093.391733855,8.17147183067498
281714.424,314147.719636904,8.16489083344161
282216.028,313973.093338571,8.17006080491309
282717.367,314074.395388747,8.16093360439996
283217.29,314203.82298997,8.16139077588796
283718.171,314116.339601426,8.18481016134834
284219.655,314093.930596802,8.16774646029486
284721.669,314032.821299693,8.14861085891649
285225.297,313948.381786441,8.16002564744141
285726.39,314201.565437689,8.14991209091022
286226.299,314134.362811607,8.15767790257092
286725.665,313973.790485194,8.16886180669003
287225.304,314125.13637247,8.17003703074193
287727.711,314053.692295832,8.15787002833551
288228.115,314066.960542982,8.16064201419372
288729.453,314169.013888468,8.16825998433515
289229.384,314230.317672648,8.18672140014658
289730.079,314073.256186138,8.16443525375685
290231.014,314072.852899643,8.15812240391232
290731.04,314029.110425837,8.17451460556123
291232.61,314071.228789756,8.17189040029895
291732.274,314122.087020294,8.16269302508255
292231.549,314075.484187031,8.17797475128841
292731.135,314254.775476686,8.18344012993994
293231.749,314038.415593954,8.18106161936618
293731.11,314053.11211194,8.17495096353176
294230.609,314255.860565456,8.15568843086679
294730.062,314030.071765748,8.15248929557971
295231.449,313924.782020201,8.16228201611193
295731.26,313965.130793808,8.15619536891994
296231.878,314215.191641855,8.14463876978713
296732.61,314203.061076985,8.17224262521516
297231.297,314300.820330457,8.16023666579103
297732.335,314111.144385664,8.14763818483152
298229.526,314100.713189863,8.16873440554979
298729.037,314136.461593087,8.14862955676429
299227.577,314232.419861077,8.18865069641885
299732.042,314111.893111048,8.16695946222076
300233.359,314233.801919677,8.15832367642319
300729.402,314163.812814943,8.17877813842834
301230.626,314209.578640494,8.1695847891078
301729.127,314220.442985234,8.1607932227279
302227.873,313887.920482358,8.147891782023
302727.914,314117.947316027,8.16013658968839
303227.015,314010.682185639,8.17098846396258
303728.705,314020.824749721,8.16492566081522
304229.533,314040.697198738,8.17043487243003
304729.017,314096.883720711,8.16702441522414
305229.892,314192.564358608,8.1663601267542
305728.254,314100.295063462,8.16868176017907
306228.704,314239.829553261,8.16536077844339
306727.042,314132.806633644,8.14283572688388
307227.304,314118.247759923,8.1777322187584
307727.975,314074.156695248,8.16263588467333
308228.443,314070.428491058,8.16723525102118
308727.346,314000.964436238,8.17563321988577
309227.476,314075.360692401,8.17240715515913
309727.468,314159.76552241,8.15879651592719
310226.213,314056.889273619,8.17357447711878
310724.541,314085.937672482,8.16475881305924
311226.944,314128.39810274,8.16966405016292
311728.853,314209.813796017,8.16631278379085
312230.685,314080.006679358,8.17156010605211
312729.222,314148.631492747,8.17846809687787
313228.556,314298.010033633,8.16200712068209
313730.128,314119.29905908,8.18023543379477
314229.539,314118.869168013,8.16986188950603
314729.887,314117.836630384,8.16775084789867
315230.572,314142.382932481,8.17461333249758
315733.183,313967.509629776,8.14435062873213
316233.033,314120.951306676,8.18200250281222
316732.724,314191.995716179,8.15942567896588
317233.656,314023.045088028,8.16405083252418
317736.027,314221.464980842,8.1758526237442
318236.135,313979.631931796,8.15062438012322
318736.303,314085.616168873,8.1741348078462
319237.347,314052.43412974,8.15993456218243
319737.21,314178.239186192,8.14987729916478
320237.099,314106.070791349,8.19208716336015
320739.205,314104.954798841,8.18499110182491
321241.458,314270.963628921,8.15819075389137
321742.626,314180.494410866,8.15651515534924
322244.146,314065.709332615,8.18797434629303
322743.494,314213.91176189,8.17350452617003
323245.242,314158.322562762,8.15936181226748
323743.634,313982.257449842,8.20208289133405
324243.12,314280.538791359,8.16963441839223
324743.161,313912.154722778,8.18921483511881
325243.362,314034.309191961,8.17536636622943
325742.587,314190.77026162,8.17674533120683
326241.749,314068.604371601,8.17567273083917
326742.875,314128.391550472,8.17863012465445
327239.929,314032.393087698,8.18092696573483
327736.54,314451.389847073,8.161791498336
328236.802,313858.487002861,8.18019451960989
328739.246,314310.037795163,8.15226782799966
329240.614,314176.158261177,8.16992187242364
329740.434,314133.645893613,8.15958235906799
330241.601,314175.296592595,8.18804527636456
330740.917,314091.099230022,8.17825793458254
331240.35,314250.35755644,8.18048827326812
331740.244,314333.304855417,8.15032386262897
332239.507,314074.609957751,8.16903359717305
332737.947,314171.000842185,8.17728754097856
333237.828,314097.248397079,8.17401711485076
333737.041,314122.997937,8.17657477276168
334235.998,314174.619790211,8.17433332128105
334736.377,314007.617320728,8.16563005743253
335235.942,314050.732388794,8.15085075246807
335736.261,314110.052199214,8.17142403481223
336237.211,313999.071565,8.17795610636689
336737.674,314122.438258412,8.15109324950536
337238.017,314120.72865921,8.16496377371365
337736.642,314020.113454625,8.18915880537747
338235.797,313886.695503696,8.1798986336522
338736.023,314086.76310934,8.15458808572246
339236.577,314107.751100904,8.18811246088514
339738.253,314112.762973699,8.15633491527634
340240.234,314164.429272263,8.1499704868828
340738.484,314151.523844388,8.15891880054787
341239.903,314209.026639764,8.15974566257419
341739.516,314167.981688823,8.16649994108914
342238.355,314039.838861393,8.17720278159559
342739.028,314119.500087374,8.17322650644899
343240.33,313976.015840399,8.17455146921861
343742.4,314078.133571771,8.14216036061837
344239.633,314008.183075313,8.16134338852746
344739.96,314257.698277028,8.16401893158357
345239.146,314053.176043826,8.18255259627264
345739.136,314147.452361363,8.17564557959763
346237.831,314127.188213888,8.17270542977361
346736.859,313889.429341631,8.19284603697366
347234.101,314044.525654655,8.16559158456398
347732.894,314087.649258301,8.15176756711684
348232.556,314271.571249587,8.18500798768568
348735.073,314232.30556835,8.18139856838568
349234.653,314177.771066636,8.15059224486476
349734.242,314162.027143045,8.17527052783244
350235.434,314229.168835909,8.15474625144793
350734.886,314177.003702673,8.16562597515973
351234.673,314226.682542247,8.16811694363713
351733.029,314181.540143785,8.15371377807403
352233.442,313995.060193229,8.16019545206267
352733.272,314095.326035518,8.17820889471386
353235.308,313858.073255286,8.1811463380053
353732.85,314226.905942915,8.15219698668326
354232.055,314044.743299617,8.15731253635842
354733.559,314078.747534423,8.16824483360436
355234.51,314250.029133246,8.18653800274563
355733.581,314035.896972385,8.16439998494871
356233.727,313970.51068942,8.16284061780194
356732.626,314049.077050781,8.18418730816752
357233.381,314348.541109171,8.14822918630882
357734.349,314136.555824668,8.19706733891877
358237.22,314143.402026982,8.16682165614771
358738.358,314364.91451415,8.15324077495751
359238.389,314113.23270883,8.14770496510354
359740.375,314160.179674872,8.17672395784682
360241.315,314141.540162392,8.16011306220713
360744.068,314243.277295088,8.17064674116892
361244.838,314198.454729451,8.1550155931641
361745.782,314174.885949864,8.15823385248867
362246.273,314001.951064789,8.17772516671522
362748.034,314175.844637115,8.17487230539083
363280.072,314284.39865614,8.15803303897942
363835.457,314051.702918792,8.16749520202027
364391.817,314061.298776994,8.16327875287235
364950.293,314020.160168869,8.15576713238661
365509.439,314250.251056831,8.18395950665023
366065.437,314129.715478639,8.17720370149715
366623.336,314098.287066021,8.17270793882007
367195.431,314132.98842606,8.17018290257542
367784.363,314028.506183939,8.16606865345471
368374.257,314288.385751692,8.18114579271888
368965.58,314012.30060947,8.17416492916892
369556.554,314023.843462663,8.17383991499338
370148.003,314109.193326489,8.16170948032997
370736.157,313870.192465905,8.1874726979875
371321.459,314330.368648243,8.18532562367213
371907.583,314167.494213547,8.18845035548401
372492.947,314060.346432844,8.1704705663863
373080.155,314107.28789702,8.15997199088926
373665.104,314329.254029534,8.16691769705944
374249.713,314345.268046807,8.1507168785854
374834.926,314014.781039594,8.15768415870689
375422.058,314000.978050411,8.15664230807186
376007.011,314286.966796637,8.16711227431137
376592.516,314165.931502729,8.16528281059088
377178.108,314217.951139643,8.15350291013907
377763.843,314111.955285111,8.16240920837627
378344.258,313858.187069892,8.16738112408739
378891.28,314174.853700476,8.16280840077602
379437.248,314229.683386865,8.15856910823324
379983.803,314151.224327237,8.15742752263719
380530.472,314122.927684762,8.17524444022486
381078.548,314023.159932841,8.18991643743182
381627.121,314146.454716609,8.16312255311009
382173.44,314069.645425492,8.17420041146603
382721.923,314103.489761846,8.16341508792661
383268.981,314408.293252456,8.16175151830091
383815.72,314131.89683161,8.18216938207464
384363.91,314135.407988331,8.17030912073477
384911.861,314191.414882116,8.16325098175287
385456.57,314161.028690331,8.14334555695974
386012.354,314378.941533078,8.17326987871099
386566.733,314106.22925182,8.18857836444345
387120.672,314112.327192389,8.15016249223413
387678.12,313965.454110178,8.15292845425846
388231.395,314172.371714524,8.15750141207241
388787.71,314141.696245216,8.18885787376932
389344.918,314185.466605685,8.17178713006105
389899.832,314065.385208244,8.16714776238074
390454.511,314198.191809962,8.15889851938965
391009.217,314226.930935138,8.18357644451768
391563.734,314069.610541058,8.16334644211832
392121.402,314366.785338582,8.16313491320192
392675.171,314081.355022183,8.16645612467951
393230.742,314062.013157239,8.17144893170526
393786.194,313851.996435895,8.16595035687018
394341.136,314055.4945446,8.17947593961727
394898.163,314091.399710208,8.18567974921082
395455.156,314130.266326624,8.15542338228178
396009.358,314190.193660655,8.19967100914978
396567.131,314140.829219893,8.15260571922196
397115.085,314117.921755257,8.17144401001893
397663.641,314277.546451788,8.14409235069265
398211.432,314055.953876698,8.1639287876728
398758.135,314169.651560998,8.16666975106302
399306.281,314196.482279266,8.15615377578492
399855.825,313991.953119523,8.15676728683483
400406.271,314135.317998104,8.18303712938714
400957.156,313860.91643593,8.19446957677503
401480.656,313995.928131527,8.17920223974383
401998.771,314183.753275398,8.16252422246418
402557.151,314214.844195272,8.18191037565926
403117.907,314096.627131813,8.15697990914624
403675.918,314103.135268105,8.14918753953898
404236.327,313904.369404452,8.1568722369232
404797.469,313942.91465525,8.16183472788425
405357.559,313975.785171832,8.17427249444672
405915.844,314084.312888365,8.15865125771716
406474.89,313875.354226548,8.18297490334091
407033.069,314141.385182906,8.16853442735313
407593.203,314196.306713273,8.18208577369743
408153.2,314174.815936716,8.14294361615154
408715.396,314188.783887186,8.17071036971953
409276.385,314121.252707839,8.161773675181
409836.452,313882.935902435,8.16255999680557
410397.366,314241.101769726,8.16003869048834
410958.316,314239.047859914,8.17961747359928
411518.772,314118.187566816,8.1451722148494
412078.519,314051.090292869,8.17012446502094
412637.711,313941.901358334,8.15835985855609
413197.412,314020.49870146,8.16424167663904
413756.871,314016.793237009,8.17059479321604
414315.822,314026.250044644,8.17034884917847
414874.39,313846.059860791,8.16881007205232
415432.499,314023.493998935,8.17346130065634
415989.564,314103.836827691,8.19160840049442
416550.547,314081.224884874,8.16571467935577
417109.853,314331.834970361,8.17159366669576
417668.118,314256.446266546,8.15504452999319
418227.205,314144.332813742,8.15286691909813
418787.08,314094.314510218,8.16155860281151
419348.941,313987.11052394,8.16257472434324
419908.34,314116.659257288,8.1565418461347
420467.542,313854.563157431,8.15354261870051
421029.229,314110.495301152,8.17641722066685
421590.052,314228.964929674,8.17670295837733
422148.152,314112.502019992,8.19543171394519
422710.297,314099.100299667,8.17346453456733
423269.096,314233.176231763,8.16303738476312
423827.818,314153.832405641,8.17384282628948
424388.754,314218.784113666,8.1667100123229
424947.298,314081.698457437,8.1598742375037
425505.649,313976.507546625,8.18249948733094
426064.773,314105.829738511,8.17894147998067
426622.169,314259.607556131,8.15193627438489
427185.921,314163.923688544,8.16972329272791
427749.947,314022.42128855,8.1681732493293
428308.985,314032.842449293,8.16324450181286
428868.546,314134.10889449,8.16927765623898
429426.641,314100.400016734,8.14442824698293
429985.415,313980.408844523,8.17261789528347
430542.271,313950.397015285,8.19079361801713
431104.444,314325.584622937,8.13543856329179
431665.715,314055.191061509,8.1653027668591
432225.541,314244.581956433,8.17118547142459
432783.802,313861.753655137,8.16131119183752
433342.809,314050.834093223,8.16004427317442
433902.979,314082.190535876,8.17370509502591
434462.619,314038.554994301,8.16684332437882
435021.747,314310.14929073,8.16914543744827
435580.481,314148.532597168,8.16221587664476
436140.591,314067.089500378,8.16187693725914
436700.702,314064.63351134,8.17450764904372
437260.164,314135.042565793,8.17236084935707
437818.105,314250.662337941,8.14255176331154
438376.778,314127.722292694,8.17833938264343
438933.946,314257.598720121,8.15727159324871
439494.448,314150.326220724,8.16765367146113
440053.229,314170.482354671,8.13862617634358
440612.278,314080.877446812,8.17067770395041
441170.178,314095.883685934,8.14558960119693
441729.199,314037.656883538,8.16123977053949
442288.017,314041.609288506,8.18668903815102
442845.276,314067.865400564,8.17821632608839
443405.856,314230.987272259,8.1655417997661
443967.384,314123.092100061,8.16818162254352
444527.035,314121.865759048,8.17078087101314
445087.677,314036.944399863,8.17639573280836
445646.708,314011.752390004,8.16774120513939
446204.064,314158.104752306,8.16959050546336
446762.821,314255.033921844,8.17544954605476
447323.326,314250.77333048,8.15190086770637
447883.837,314105.301750185,8.17181205388705
448441.115,314186.042800206,8.16351931862508
449000.168,314227.053724144,8.18740758338039
449558.928,314058.21375487,8.15561635920293
450119.042,314065.171541018,8.16549800644629
450678.099,314136.393594578,8.17748241585612
451240.681,314110.448678726,8.16408266204059
451801.063,313984.996332885,8.16935494976263
452359.598,314232.663418921,8.16495449022151
452918.456,314091.558288887,8.16367109139767
453477.442,313970.669754641,8.20038768625986
454037.048,314060.577025258,8.19677214448086
454596.279,314020.127202262,8.16640639247299
455155.703,314106.831005375,8.17702658172474
455715.574,314075.104664426,8.17507527690648
456275.296,314144.538456557,8.15108419821098
456835.962,314190.250717621,8.16833841750581
457394.898,314076.318218816,8.15247672202433
457954.033,314173.903908315,8.16151706600604
458514.716,313843.9768631,8.16005307681702
459072.887,314197.115846395,8.17139759631409
459632.324,314161.638631629,8.16748070551825
460190.806,314226.261274639,8.15828276647261
460749.031,313950.196156377,8.17402497871507
461307.516,314250.778496676,8.16948932219619
461870.937,314044.204597555,8.17855635914834
462430.241,314041.203393013,8.18276428818282
462989.882,313926.442122377,8.16690646637279
463550.903,314234.793394896,8.16907492696356
464112.081,314178.3258723,8.18184419615397
464670.579,314045.113609021,8.1516260938974
465230.734,314217.93177597,8.15997474490416
465793.862,314200.643913607,8.17356664149194
466356.354,314009.494272315,8.17176928329596
466917.221,314108.839506624,8.18630062317762
467480.088,314098.497162537,8.18024018813809
468039.914,314229.209071513,8.17805439408199
468597.875,314232.801332621,8.16449925550614
469157.152,314111.943803772,8.17161684189409
469718.827,314101.215953613,8.17250367510211
470279.357,313931.460631326,8.17443223996022
470840.675,314255.826632383,8.18074414233195
471401.252,314149.657275589,8.18307053098146
471964.237,314005.943996719,8.15146402413467
472540.294,314093.407275293,8.17169423189234
473112.594,314077.744963636,8.15795587669948
473685.855,314078.878060781,8.16064080034303
474259.437,314277.784094188,8.15407750099008
474832.175,313975.877455721,8.17481005488729
475406.327,314225.592798883,8.16679888067423
475979.677,314136.90303614,8.16133253802388
476566.868,314090.454295015,8.19300134936344
477157.775,314193.081840743,8.13584017141686
477745.484,314183.450228663,8.18272548696408
478335.318,314338.751095325,8.16682936389097
478925.855,314059.399774871,8.18454717015171
479517.008,314127.142617189,8.14996672770313
480107.247,314195.851079327,8.14771801893791
480696.293,314158.744122125,8.18001523295301
481286.381,314071.349214235,8.17107513848277
481874.407,313960.20191954,8.16286032541369
482451.019,314181.223211901,8.14745398867584
483004.531,314257.683553854,8.16360015250404
483560.363,314003.364631997,8.16569494675804
484118.786,314136.407856983,8.1647240238489
484677.024,314087.94303849,8.17010812948912
485233.15,313985.7833635,8.17380118009138
485788.62,314153.464011543,8.17227553780726
486345.563,314033.477613896,8.18174586980209
486901.022,314151.81556654,8.1662498441273
487456.559,314065.241572144,8.19604265969315
488011.378,314032.747876854,8.17904972894885
488569.153,314198.481440278,8.18568209976856
489127.282,314059.441646256,8.17156483929166
489682.134,314000.655281715,8.16415973008882
490237.1,314045.684694562,8.16977469005111
490793.751,313926.010292431,8.18355128860845
491349.122,314101.241191718,8.1684655662724
491905.936,314102.392867982,8.16392384827867
492459.013,314105.552970466,8.17561590762487
493011.022,314007.199963978,8.17104619326616
493567.713,314053.711792335,8.17153711071513
494123.581,314217.024645941,8.17574487895062
494677.86,314080.991791967,8.16231177785238
495233.767,314187.069137905,8.16675489360528
495789.804,314084.731274301,8.17889620791354
496344.522,314088.733888532,8.18237894841215
496906.228,314162.493911374,8.15515164588008
497464.125,314063.431653293,8.14026917251453
498020.244,314195.669109511,8.15573338985689
498576.019,314023.537905428,8.1805086564108
499135.049,314222.276531975,8.15131818206448
499693.314,314260.890416516,8.17131530384524
500251.204,314090.687390591,8.18181874057476
500808.468,314125.966257982,8.16787638747398
501367.813,314079.036882802,8.16907925547819
501924.933,314143.451022567,8.15638383862177
502481.573,314201.978741686,8.18849453763788
503036.823,314245.536352469,8.18106335228359
503590.73,314219.638212865,8.13700446708268
504145.347,313982.459294008,8.17618649740223
504703.16,313964.067399162,8.15051734971368
505258.541,314141.697545944,8.18502684551043
505804.882,314043.330514675,8.14607005949582
506349.444,314037.515991837,8.17148279533995
506896.958,314064.310510635,8.16072038698988
507444.909,314259.909063299,8.18314409491147
507990.884,313861.023092408,8.18224786431232
508537.279,314291.327397169,8.16295561548521
509084.049,314208.287821851,8.158230554601
509631.593,314166.040697047,8.17744509973935
510177.037,314239.845239603,8.15766600958798
510722.631,314244.919871816,8.16618504969233
511267.448,314039.564584234,8.16101970232502
511814.723,313969.048699972,8.17904556499271
512361.751,314263.817389223,8.17324190669634
512907.206,314269.230571939,8.17299262593556
513454.018,314138.838189562,8.15929166302821
513996.892,313974.588630502,8.16892354432985
514541.718,313920.172284671,8.16613875523638
515086.259,314163.472417596,8.18009170317233
515631.812,314209.610520941,8.17084837627678
516177.64,314188.281350271,8.15715776169161
516722.689,313917.082681892,8.18042098907028
517265.154,314058.704478984,8.16155020259057
517809.406,314092.840781505,8.16808152114359
518355.563,314270.797116253,8.15449600842277
518903.052,314016.53566433,8.1751098273504
519448.33,314043.452413662,8.16426616452591
519993.524,314195.689066045,8.17177718048714
520538.345,314122.393629897,8.1699718249433
521083.904,314003.629389146,8.17224896789193
521630.862,314236.281679072,8.18085146783318
522174.696,314103.247078019,8.15436934375601
522719.833,314107.791506562,8.1778180656056
523269.621,314133.726645241,8.14365723776843
523814.906,313993.471103011,8.15923667413782
524358.802,313921.415007131,8.17035692424306
524905.789,314163.816742428,8.16711551035305
525451.908,314134.883018126,8.17413283620474
525996.577,314206.885120224,8.16819654700001
526541.552,314143.627211188,8.16272292428233
527088.659,314189.007652815,8.17326260103679
527634.497,314090.612786359,8.14872544653366
528181.487,314072.011557525,8.15978972116138
528725.702,314161.996817451,8.16803397035276
529261.505,314087.429266219,8.15818191990576
529796.701,314132.387557448,8.15843755166994
530334.491,314137.488901557,8.15833977407601
530866.533,314076.457779637,8.17970479807396
531402.071,314182.776853546,8.16829135480741
531931.346,314278.363752856,8.17214560878653
532458.446,314051.736687906,8.17866780249888
532999.541,314026.83646957,8.16476517456503
533539.941,314162.632715388,8.16694261509037
534081.115,314089.601088468,8.16585784690246
534620.394,314049.997863221,8.17861794668702
535151.508,313962.016958803,8.18460609264216
535685.376,314105.375984609,8.18466381730186
536218.455,314029.901658327,8.1694847762727
536750.874,314212.062556275,8.1734817388681
537304.517,313963.712473798,8.17894032882482
537852.308,314026.882513071,8.16107770443758
538397.516,314029.517988712,8.15225384378856
538942.367,314177.94958842,8.17169264999274
539485.149,314082.302857953,8.15838722130226
540028.43,314181.683347791,8.17092045146184
540574.592,314073.158985217,8.15652106702936
541118.362,314219.625042863,8.1808059621116
541663.768,314300.532339261,8.15828790348864
542206.966,313935.279688673,8.15882760860861
542752.141,314183.314230833,8.15768192249864
543297.535,313919.660967233,8.17625652175059
543840.113,313999.89056577,8.15685124193611
544383.877,313875.048978775,8.17575609683514
544926.043,314243.704590995,8.16352006818262
545473.672,314180.1396404,8.17166784928458
546017.055,313950.591283191,8.18324808555462
546561.81,314111.01244426,8.16978841981041
547109.648,314107.956588828,8.1677956824247
547657.766,314108.25848635,8.15914042814206
548202.291,314068.958672783,8.17938027483753
548752.064,314346.97873836,8.16705027455788
549298.397,314044.750894725,8.16532568851731
549847.865,314073.686946182,8.16704743059297
550396.088,314063.485375215,8.16788108803029
550946.122,314117.317650991,8.17194273220633
551494.258,314079.312369341,8.17246419511717
552042.376,313920.636467389,8.18251652152356
552592.399,314175.216236896,8.18794028340234
553140.544,314055.846736167,8.17726452077361
553689.681,314133.302988342,8.13823715648512
554237.556,314130.089475457,8.15513075011044
554784.446,314172.447528502,8.182269378244
555334.587,314118.978784736,8.18163401993676
555884.947,314131.716137091,8.16005650854174
556433.274,314302.328129671,8.15843913587555
556983.905,313991.796666113,8.16637302970839
557531.873,314108.947294711,8.16328052839646
558081.934,314115.488659595,8.15077734716774
558629.585,313933.581216204,8.17724125973228
559176.811,314060.469576795,8.16712448720927
559726.219,314053.397959618,8.18797704332288
560272.446,313979.634468113,8.17982972189277
560820.588,314040.049097452,8.18277870491769
561370.301,314070.800576291,8.17598493255238
561919.356,314171.783468537,8.15812967273477
562468.856,314164.3207932,8.17472138524852
563016.493,314231.178958542,8.17140689453267
563564.951,314211.043013619,8.15317175330014
564112.082,313947.987220069,8.17480786549912
564660.54,314082.16996071,8.18446319304149
565208.252,314136.57463204,8.16235924514972
565758.136,314194.880630769,8.16122622614793
566307.93,314103.888386672,8.16383745365831
566855.623,314055.948341091,8.17405727302677
567404.273,314124.566687642,8.17196609892678
567955.093,314085.587895809,8.18030769401452
568502.706,314006.294694283,8.17681333280047
569050.517,314067.878957567,8.16928525953816
569599.04,314000.06259753,8.17742862310405
570142.292,314064.641709327,8.18480427027099
570685.97,314084.726286088,8.15829489898014
571232.614,314160.435328256,8.18262537167148
571777.519,313975.039085769,8.15106429336968
572324.856,313992.03296494,8.16131039103494
572871.878,313955.744544468,8.1572982963752
573418.305,314071.156399077,8.14173645699202
574023.407,314087.089155099,8.16160141193332
574632.904,314087.787313341,8.16652281152599
575248.322,314074.626461003,8.1737747384227
575867.476,314276.732759747,8.179757557198
576483.4,314120.642373471,8.17306858265727
577097.469,314346.547352415,8.18157191164928
577715.098,313972.480760648,8.1696303686757
578333.909,314344.531879277,8.14460823070078
578951.979,314179.036172861,8.1679114374218
579571.996,314072.300850599,8.16843848106055
580192.562,314252.536258079,8.16170877373111
580808.985,314084.759210224,8.15645184458668
581425.389,314083.230107328,8.18072519675538
582039.337,314085.15237498,8.15875430650886
582650.842,314002.90340401,8.16083774652113
583264.353,314055.549154997,8.18363157522891
583877.672,314093.263845336,8.16849967446511
584491.915,314129.92556866,8.18075299882196
585101.677,314174.393951729,8.17800775179885
585714.631,314065.187252057,8.16458664428053
586330.528,314282.532419124,8.15489259534851
586950.815,314033.026868101,8.17054348636869
587564.429,313978.381674362,8.15186131663843
588183.656,314040.02689269,8.16481080113829
588804.834,314079.665201407,8.14896194873301
589417.974,314097.292405433,8.17383601922029
590037.231,314024.120587574,8.17330582728902
590655.329,314126.954296997,8.15787427653663
591273.789,313981.505971552,8.15879905558379
591886.197,314106.649657536,8.17087026674498
592500.617,314174.799874128,8.14742418352713
593114.057,314142.822034712,8.17179678439301
593723.586,314325.748472237,8.12919716063359
594338.816,314143.324554537,8.15683923788805
594951.564,314008.048940953,8.17918855111323
595559.458,314069.820901902,8.17024974047074
596171.315,314169.410128357,8.1585831472581
596785.927,314017.75538182,8.16184359650267
597395.398,314218.067384827,8.13645535805825
598013.34,314157.371808095,8.17815628054648
598622.588,314166.845807498,8.14829205318835
599232.315,314102.908027851,8.1589683717506
599843.416,314095.37171164,8.16635037833459
600458.529,314104.318703098,8.15393715953691
601071.035,314026.423974808,8.16635737206302
601683.057,313982.577287568,8.13205620838975
602292.171,313866.305363172,8.17403467658991
602903.263,314176.776589412,8.15449288471316
603514.12,314260.387240338,8.14360048018859
604133.782,314065.110138766,8.16020256541438
604747.078,314266.429199081,8.15074908579707
605362.334,314053.292769637,8.15765061433476
605975.376,313962.001207866,8.1905346931595
606590.618,314083.365552478,8.16960376831052
607206.927,314227.714089003,8.15763203430916
607823.768,314071.410269275,8.16827819198338
608441.992,314109.108941314,8.16988489630549
609055.57,314292.606178488,8.14537134622616
609666.938,314177.563096469,8.16865645010416
610273.658,314126.015697517,8.16813108034123
610888.259,314013.063362723,8.13947362166453
611506.799,314164.029421341,8.15190799495572
612122.002,314280.584487367,8.18184727370205
612736.69,314048.685773362,8.16679902719524
613350.431,314108.081598258,8.16971368877629
613963.709,314104.259777589,8.1846290425938
614580.085,314100.265861445,8.17047590894039
615192.538,314274.713679763,8.17888727089686
615804.367,314170.01380459,8.1605238157763
616421.078,314248.6174948,8.1429975563781
617035.056,314085.594833644,8.16342801633163
617649.294,314248.192004447,8.1566721860116
618264.826,314290.456013757,8.1575193706066
618876.853,314148.664751731,8.16796950351253
619485.658,314138.886488901,8.17537319453961
620097.301,314170.446139227,8.16737397789117
620711.124,314077.122602616,8.1560968874924
621321.652,314104.100343111,8.16664818347327
621938.478,314202.319298294,8.1406956659152
622549.659,314047.349678495,8.17617953157797
623163.376,314174.465128148,8.18447850097229
623782.062,314097.067278232,8.1691070344708
624404.488,314272.022949601,8.15472034321868
625026.545,314211.334449975,8.15251191128151
625655.709,314153.305789836,8.16876721441543
626288.477,314071.383852445,8.1690727739475
626924.673,313944.091610197,8.17204825034054
627560.541,314198.352592572,8.15913361752762
628191.537,313970.487747044,8.17316619451783
628819.017,314031.349505493,8.1862750487259
629449.283,314164.064308857,8.1902033034224
630078.036,314116.242213327,8.15202688453295
630705.874,314193.371559338,8.14924991605938
631329.713,314035.885513256,8.16079005736763
631957.111,313954.436538434,8.17240988776106
632583.932,313978.409406379,8.16463666376968
633211.692,314120.678679058,8.14171773613339
633837.87,314067.31626039,8.15973790354445
634465.009,314144.205671723,8.18227315104988
635093.52,314367.687331478,8.17358425672271
635718.403,314233.274620305,8.15989532372163
636340.256,314246.907448306,8.16066817928877
636963.367,314061.977590554,8.15341163118152
637587.278,314061.070281841,8.16249713261114
638203.863,314083.488100309,8.17031099518834
638822.595,314016.991838434,8.17559377492581
639439.65,314192.617066506,8.17139641328881
640055.127,314175.808131434,8.13465620478886
640668.966,314179.164801929,8.16576414174439
641286.975,314253.824007411,8.18229712370689
641905.011,314134.986221963,8.1629723451305
642521.975,314246.263041068,8.14752216085328
643134.028,314295.681156361,8.16252306449905
643748.343,314006.600825211,8.17937604296294
644368.668,314115.781757876,8.16633002553806
644982.152,314023.671855544,8.17774678838396
645593.787,314024.351122885,8.17912895025592
646209.034,314263.539447483,8.14575072945973
646832.199,314230.537286434,8.1686622058237
647459.494,314004.469975752,8.16561679581953
648090.831,314049.531539492,8.14906841776956
648719.584,314030.395004379,8.16338980131494
649352.884,314194.383233199,8.19012424752806
649980.238,314113.952076662,8.15988471849381
650612.573,314065.181706156,8.16094274528445
651236.514,314146.641368374,8.15756614889427
651863.998,314143.906060959,8.15988996482766
652485.117,314144.860581548,8.15737955813835
653106.957,314239.450889294,8.17652927072651
653734.235,314293.358977373,8.16025528134161
654363.417,314127.641835393,8.17723572487191
655000.247,314117.917046096,8.17445521283651
655630.456,314201.259278365,8.16311076661094
656262.776,314124.038762524,8.14878478082236
656888.154,314221.320967634,8.18488109024613
657509.034,314336.610633266,8.16318622833104
658128.272,314273.980808536,8.18387781333072
658751.803,314221.019889637,8.1700604688337
659375.126,314155.97236812,8.17110730989656
659987.86,314205.524742647,8.14327403360173
660604.155,314106.934700012,8.17203308498304
661220.981,314117.070913326,8.16156536348859
661831.042,314136.158268335,8.16581550116102
662441.949,313940.83151631,8.15431784423786
663056.169,314138.309727021,8.16594959088492
663669.92,314097.316268067,8.1789582710487
664285.884,314262.979476769,8.13892868624542
664898.681,314306.570597415,8.16600337848243
665512.823,314222.829861134,8.17198976571953
666186.499,314140.643890224,8.16388296434707
666872.891,314095.622960219,8.19898223999953
667567.889,314169.019367019,8.17850007009495
668268.583,314175.759745206,8.16015181375358
668972.63,313947.777208603,8.17111983501638
669668.72,314045.073368536,8.16511375695113
670350.154,314118.327302615,8.17656685869716
671036.186,314179.819975912,8.19041063844222
671721.455,314034.948320363,8.16161474611449
672403.449,314035.394996825,8.15832384598547
673092.246,314181.096176571,8.14962546587964
673802.733,314050.370197536,8.15276032971802
674501.676,314093.893823427,8.1768975091735
675208.458,313971.242050158,8.18597441047479
675913.99,314296.750549096,8.15297550820422
676619.863,314209.067346042,8.15230721037381
677328.753,313937.248586342,8.16531674855442
678034.056,313999.9017678,8.18224289151144
678739.902,314271.061107654,8.16344814395065
679441.424,313930.156313863,8.14979803537781
680148.808,314100.621788327,8.17517659577945
680850.467,314386.282476302,8.16867416293296
681555.946,314043.380278481,8.17364549187201
682264.87,313956.476800742,8.17335549726491
682963.748,314044.524960751,8.16878307562222
683666.674,314098.78652151,8.18058424124111
684365.539,314027.444557318,8.17792198762658
685071.183,313994.198076616,8.18895463861237
685775.481,314258.504429141,8.1574659398459
686477.554,314144.863135459,8.17063778799123
687178.364,313982.967858725,8.16932491644811
687881.781,314069.96240609,8.18055914075678
688593.759,314065.711646902,8.16738107876435
689294.078,314258.744339538,8.15691407480267
690005.207,314181.355368259,8.15277588820864
690719.446,314147.124051067,8.17610700417449
691427.619,314078.031966341,8.16679094329266
692132.731,314115.43797387,8.17313694036776
692838.246,314130.888083377,8.17252580288127
693541.304,314053.581060064,8.15594092930604
694245.346,314166.492690384,8.14526429073579
694955.239,313945.249805639,8.1689792756121
695649.028,314041.107827245,8.15985806472346
696347.812,314154.997555967,8.15578184362429
697061.637,314252.974855274,8.16899061226141
697733.743,314254.640565877,8.18923925549196
698381.131,314007.78327798,8.16270252088203
699043.805,314067.098468635,8.16983480426975
699695.028,314058.717035009,8.16054243919
700349.7,314000.538342047,8.17738691133709
700996.088,314004.450363797,8.15910027577396
701639.612,314226.544404932,8.15222860392892
702284.995,314209.681093355,8.16655791340221
702934.459,314035.21477942,8.16601902952115
703576.774,314128.937514134,8.16562388753639
704219.867,314232.570431662,8.14924851335513
704867.695,314144.396972137,8.15866960036898
705506.694,314069.031416385,8.15955937368906
706150.21,314165.010838842,8.16064975366684
706795.11,314075.753530787,8.17375370257183
707435.904,313986.60897059,8.1793953331747
708070.602,313812.344262805,8.18039343577016
708704.835,314155.915307359,8.17293259991002
709344.756,314001.204308022,8.1661309318479
709979.472,313890.374717747,8.17547685681787
710614.959,313975.270945876,8.1619409047072
711255.629,313992.006552769,8.17269600462157
711895.583,314013.5598776,8.18882136115336
712529.374,314107.965414761,8.19284620181685
713167.813,314378.809079236,8.18483150524901
713812.602,314060.193950331,8.17487246431263
714454.09,313949.433166013,8.17448239744089
715098.162,314066.380118838,8.15734575145312
715734.55,314134.469002319,8.16509700319444
716358.626,314233.731532722,8.18836864852232
716988.895,314309.480567623,8.15810762291992
717620.371,314175.061512445,8.15181572811109
718251.724,314339.708625411,8.15560094770701
718878.972,314111.518227692,8.1643645327959
719479.147,314110.608451185,8.15040344870753
720074.851,314258.278337941,8.16447839648123
720673.048,314130.891125639,8.14031365236095
721271.134,313995.757391584,8.16049285088213
721870.651,314162.644240239,8.16630268433677
722473.536,314058.529320847,8.16680733242701
723073.875,314181.454232297,8.1530497508847
723673.768,314039.870139037,8.17427509749413
724271.415,314050.912482193,8.14900736289341
724868.526,313980.296068563,8.13676278857647
725465.384,314205.811666783,8.16201421970945
726065.532,314060.644718241,8.15652677400111
726665.033,314156.415945343,8.16594326432293
727268.926,314229.008714825,8.15448063356116
727866.129,314164.751535025,8.17401350641656
728481.123,314145.273373321,8.17373283527423
729125.309,313964.506131981,8.15570134807514
729766.547,314030.957327514,8.14706809900216
730410.567,313972.42931759,8.1667677922228
731055.856,314081.206177564,8.16056631979664
731703.179,314054.754180256,8.152332464169
732348.367,314175.457303604,8.17332956418035
733014.467,313973.638029292,8.16757596368515
733719.559,314123.941200187,8.17954899328921
734390.405,313978.417183211,8.17776519912469
735034.594,314270.411079602,8.15993400641772
735673.491,313984.250577414,8.16617691713837
736305.953,314084.925447989,8.15779414328639
736936.818,314171.101348256,8.16148077931656
737547.283,314192.105967812,8.16230157155604
738169.043,314130.319751783,8.15704458282347
738784.785,314130.31153987,8.16503531153148
739404.06,313940.39041421,8.16902497263005
740021.634,314106.954496935,8.1731721321933
740642.041,314234.079710404,8.17316271153537
741259.603,314043.768189418,8.16870520175712
741874.634,314174.307081274,8.16307115561014
742480.965,314317.849697582,8.17543584602134
743075.905,314192.412821077,8.17667710946653
743671.791,314043.830157742,8.17627158046805
744267.555,313877.364604572,8.17083279224537
744860.208,314000.865809603,8.17129365488727
745452.945,313917.231570763,8.16161566867097
746028.517,314285.539343093,8.15578897262768
746602.542,314045.25077168,8.17394543868937
747176.143,314093.434786767,8.17215980859792
747751.201,314080.382589684,8.18307042245511
748325.396,314018.242790845,8.17304169773311
748898.298,314066.450398779,8.16858993060281
749541.919,314173.812444351,8.16464658799415
750196.78,314095.686749263,8.16346542832229
750849.855,313944.469692229,8.17885976798805
751505.595,314166.063795074,8.16089027532655
752161.078,314143.278459998,8.16478952366575
752814.19,314333.031980617,8.18025006868563
753465.08,314293.761325075,8.16442533533708
754122.2,314151.413590284,8.16860963435409
754781.113,314117.119907207,8.15133209914615
755436.341,314116.938238273,8.1673043875523
756093.321,314327.956486307,8.18214729914268
756748.357,314273.243961362,8.16820583473883
757404.479,314075.886217467,8.16224486170559
758061.019,313948.318263834,8.1837067185501
758719.681,314135.179389109,8.15850924366328
759321.397,313877.831390159,8.170732784324
759877.313,314065.462152756,8.16253662074979
760431.688,314161.542931391,8.17418986526939
760989.56,314074.210744969,8.1420028277921
761545.133,314071.14943721,8.13681161699253
762102.37,314115.039726042,8.16260065699163
762658.109,314166.440127313,8.18092969308156
763212.725,314191.35623986,8.18377416917459
763768.648,314004.042111658,8.18091044821636
764325.227,314124.778841734,8.14773950641752
764879.467,314060.025659382,8.1494772370801
765434.475,314190.601637717,8.17207515563392
765989.116,314144.603713337,8.15007606272066
766544.672,314059.929375166,8.16413960573549
767098.426,314116.686233968,8.14094791733987
767654.561,314048.38983397,8.14920982226901
768208.973,314085.332136335,8.16129971205594
768764.03,313988.243961333,8.18495055903522
769317.465,314017.308843237,8.17643958754551
769870.666,314043.460874806,8.15961185909351
770424.344,313992.93686329,8.16423957922034
770979.904,314141.086307208,8.16710690032355
771536.624,314153.703244147,8.15071761919586
772092.48,314188.38374377,8.18609688709074
772649.864,314035.784829332,8.18820626218885
773205.156,314115.359541869,8.1507074559623
773759.899,314129.963901297,8.17348150621259
774313.209,314106.654484004,8.15048528501347
774867.172,314207.112638346,8.13814154369351
775422.018,314302.712935617,8.14725943030235
775980.426,314011.425579065,8.17467552644603
776534.666,313969.080992947,8.1686625100508
777088.708,314013.116447272,8.17551252109788
777644.027,313858.500746058,8.15192328110163
778201.275,314057.069000428,8.16198733326995
778757.641,314258.568302131,8.1796577504191
779312.366,314088.971656493,8.16846993729143
779866.163,314092.978903473,8.16130961223394
780421.398,314043.345932836,8.14576282698028
780974.522,314019.827568375,8.17131902345206
781527.87,314114.622200503,8.15227130845129
782083.767,314178.951207047,8.16767248273134
782639.892,314201.34828354,8.15853501156933
783196.415,314018.531378187,8.1688122845812
783753.019,314283.452962771,8.17673417673212
784306.542,314108.773664071,8.17243990644588
784860.955,314191.90039603,8.14707159827226
785413.63,314075.027040401,8.15802617272492
785965.7,314043.163537898,8.18278906593696
786519.698,314132.313398892,8.16785550346402
787073.67,314341.716915843,8.18926598689922
787629.193,314161.024027035,8.17710512959884
788187.357,314116.918376094,8.15716758685891
788741.191,313999.902857892,8.18899632865393
789293.771,314041.456273068,8.18628229097336
789846.348,314134.521292945,8.19948989924143
790396.294,314131.621536381,8.1659823127781
790952.034,314125.46967008,8.16004552161288
791506.497,314103.693547049,8.15833094070249
792061.764,314089.827164776,8.1765602545132
792616.405,314312.889423859,8.14701852855873
793172.305,314121.376650408,8.15167807299934
793724.876,314298.518360969,8.17865186315304
794278.021,314055.602092994,8.17207669668122
794832.614,314298.078169455,8.18128293317486
795387.645,314256.740925993,8.15804695922261
795940.755,314200.138643024,8.17628049525895
796496.939,313990.10989997,8.17327375088532
797050.786,313941.768594593,8.1634335296058
797610.679,313953.428760051,8.15015315627251
798163.135,314292.164705842,8.17593313189842
798747.276,314223.35170897,8.17099017532316
799372.573,314209.756142393,8.17429406472464
800018.704,314238.630134763,8.15001656753502
800662.049,314243.166697483,8.18336958609584
801277.703,314077.884588388,8.16531561193149
801919.063,313854.997790857,8.16538803815221
802563.429,314171.982751055,8.17529722170552
803207.976,314017.974006708,8.19089377769324
803854.016,314221.601273575,8.15918372757911
804496.689,314098.407921415,8.18424919296594
805141.809,314000.891899447,8.16590942286533
805783.689,314204.608975831,8.16539087797511
806432.46,314092.781925168,8.16540296914626
807078.236,314114.517830708,8.18153803562664
807720.436,314177.691416946,8.17769464326731
808364.915,314047.348000524,8.15429052023218
809006.855,314214.86302277,8.14003164578044
809645.411,314353.297971708,8.16385154437202
810230.368,314061.016384996,8.17137769599144
810808.929,314179.975117862,8.15927326379481
811387.008,314247.161493074,8.14774120603501
811965.925,314031.047003336,8.16165646111801
812545.151,314031.654632367,8.16820158567935
813124.121,314101.06796456,8.15533031218421
813705.404,314196.535234159,8.16115277377835
814285.693,314187.344439863,8.16265863372359
814871.48,314163.906267429,8.16658676681997
815453.517,314080.356464741,8.1494296917375
816036.335,313969.914885367,8.18506202243296
816622.129,313960.387597954,8.16411503132861
817204.878,314070.684891621,8.17060509279356
817784.193,314134.453138336,8.15485515451525
818355.635,313990.274985453,8.15338538094682
818916.905,314143.920262878,8.17078702654831
819479.859,313994.458049193,8.15575207694635
820042.878,314016.506161377,8.1562048809747
820605.142,314138.680776396,8.16053968776353
821168.642,314093.153178981,8.15579486429817
821729.135,314112.727554597,8.16929323130459
822285.724,314105.463297251,8.16966852910133
822844.273,314098.817252506,8.17589984681435
823406.028,314019.425532716,8.17025695413442
823969.321,314070.742856264,8.18422474303162
824530.594,314045.673193634,8.1555853932445
825088.045,314150.932510144,8.17194025131617
825649.716,314034.283983616,8.15379590946309
826210.721,314109.386344292,8.1697975029153
826771.651,314017.172925104,8.15937676042991
827328.658,314242.983393141,8.13600973090683
827889.137,314173.622536254,8.14851465218621
828450.841,314214.652648513,8.17039798088059
829062.52,314191.946978391,8.14971912370368
829670.662,314100.414656131,8.18728922075274
830256.826,314035.317682787,8.16273179281842
830840.624,314130.32726899,8.15756372810728
831426.606,314081.354698856,8.16824321748182
832014.932,314042.923244067,8.19721479695526
832588.759,314139.526840172,8.17631393847188
833163.196,314106.12223648,8.16569780044959
833732.839,314070.900916917,8.17181752284903
834303.623,314025.174099453,8.16243087101202
834876.023,314192.48830638,8.15377708802506
835446.746,314143.591017881,8.1737186636577
836017.356,314080.574576817,8.17560029591511
836590.093,314080.172688099,8.17995097405011
837162.224,314152.877012062,8.15044561346686
837736.26,314042.223642204,8.18481329044709
838307.598,314316.982202744,8.16717970708872
838879.953,314186.851603507,8.15380847409777
839451.497,313863.158083081,8.16931179563958
840022.405,313984.404198467,8.15205069082629
840596.379,314217.379182405,8.14778555644585
841171.383,314211.402201706,8.17540289306611
841745.836,314269.830519345,8.15852697199655
842318.548,314164.737609218,8.1656261897076
842891.663,314140.950506834,8.17130592288821
843464.336,314135.687744855,8.15089583608417
844040.896,314231.951080169,8.18396433075275
844613.363,313970.560707607,8.17650159775298
845190.177,314245.586890937,8.1602464342469
845762.246,314116.926800646,8.18309848221181
846334.679,314169.000544316,8.16974475911427
846906.546,314031.353795469,8.18197894148049
847476.59,314138.423385164,8.16164912763226
848048.665,314308.227999581,8.18048540042238
848617.617,314113.367171564,8.16018737092612
849189.443,314160.788640285,8.17685691033336
849759.935,314163.013999322,8.16695027591009
850333.169,313979.922971405,8.17013224994366
850905.505,314146.166924679,8.16824828233936
851478.019,314038.136828393,8.17292030039138
852047.569,313991.168075282,8.14877001446959
852617.209,313980.798736455,8.17641543818698
853186.655,313868.028897826,8.16844340497497
853755.058,314111.032473373,8.17651797691521
854325.852,313996.439747223,8.16752423181793
854896.717,313803.043948486,8.16750248262255
855466.041,314248.318556311,8.17595248995936
856039.088,314235.950185071,8.15628716761848
856611.01,314072.324260914,8.16288252681581
857182.771,314029.359605585,8.1626029401896
857754.319,314350.12366667,8.18118449222395
858309.845,313993.247597911,8.170169880998
858861.255,314247.067440695,8.17635385698706
859409.984,314125.74280936,8.15730430077445
859964.005,313962.484508469,8.18550808211081
860508.613,314175.689197571,8.16443349715347
861054.014,314010.886605238,8.18115974178235
861594.416,314162.664556034,8.16207666947284
862136.79,314131.122320786,8.15295949513854
862677.574,314268.202496594,8.14979850992064
863217.776,314005.022591731,8.1663705874065
863757.7,314160.122928093,8.1464078847454
864300.577,313994.233477527,8.18369880463912
864846.144,313989.739974646,8.17194189416659
865387.837,314019.994206464,8.1738834722977
865932.846,314058.701164235,8.16402321146961
866478.588,314074.865907003,8.17741776121738
867025.937,314095.674755671,8.15911003529638
867572.6,314060.989657713,8.16200134086734
868117.735,314124.677427204,8.15634086009989
868666.649,314067.027441715,8.1858110964128
869224.794,313994.65109792,8.14396331000512
869788.432,314253.237584188,8.17153543327049
870352.668,313962.380663909,8.17437829565699
870919.389,314249.982434394,8.16694949456388
871485.869,314053.653535956,8.17117096105032
872049.489,314085.845374354,8.15086278898661
872614.713,314118.20706796,8.19234963439381
873177.895,314031.152454257,8.15867516439307
873744.641,314008.337265811,8.15605924343172
874310.4,314234.740851766,8.17340003575225
874873.905,314124.442566085,8.17080023925345
875440.25,314230.681840484,8.17021094402212
876006.322,314184.730895115,8.17600632862925
876570.468,314204.705267656,8.15231966091582
877133.814,314107.81016448,8.16885282829468
877696.197,314061.435455858,8.15263071642216
878258.653,314190.882258309,8.1819488122457
878826.753,314114.784817506,8.17658597068684
879393.053,313965.202649521,8.17225033789132
879957.122,314110.443279153,8.18158312271558
880522.456,314037.418094978,8.18794514987408
881079.519,314048.869378157,8.16813277334816
881644.815,314021.722423139,8.16869588373098
882208.49,314166.914460044,8.17823004791111
882774.394,314041.080703195,8.19291469328765
883341.12,314046.662217445,8.18017140140318
883904.058,314180.701991386,8.1918054931659
884467.057,313987.376720769,8.17067363042546
885030.059,314185.354394215,8.15219374008888
885593.825,314015.620312684,8.15542173653566
886158.38,314096.686339322,8.16384254353335
886725.044,314269.149981864,8.18387051871459
887275.436,314147.700854969,8.16825851762298
887817.556,314387.673809576,8.17375132400195
888363.095,313954.0294081,8.16572749425951
888907.148,314050.515886401,8.17025497120546
889453.817,314151.462969998,8.16075488310839
889999.718,314102.827505672,8.14982947142762
890544.004,313983.967953616,8.18110015998521
891088.754,314175.627229864,8.16645351993314
891635.327,314079.304420229,8.1504736712065
892175.298,314239.379614009,8.15805646620044
892710.445,314157.345331129,8.17172753342755
893248.125,313969.098591145,8.15275555791039
893786.774,314171.397063388,8.15983211721172
894326.72,314102.929643378,8.14009579854807
894862.216,314026.870734881,8.15651900291516
895398.609,314339.731261203,8.16027311153273
895934.403,314085.228292344,8.15896297084997
896471.356,314071.662075228,8.16578745892192
897009.88,314131.125646994,8.1687801044398
897546.793,314209.275762095,8.17261381188203
898082.458,314214.489437325,8.16442905308372
898618.551,314271.447166816,8.16117204144054
899155.521,314159.846226058,8.18613362411593
899691.12,314071.145459794,8.16235950186826
900228.032,314030.790833846,8.16574120453435
900767.211,314085.545663433,8.17715182820371
901310.874,314132.296193217,8.17734636235146
901845.928,314154.94784252,8.18561687510641
902380.293,314138.762394903,8.16244380943906
902916.055,314211.876347428,8.17816370658803
903452.043,314256.655258657,8.15413838327972
903986.253,314254.281529888,8.172912908747
904522.663,314239.403827829,8.16505430247863
905058.419,314254.454034288,8.17759321718439
905595.045,314212.625737001,8.16632511562886
906131.228,314211.240510165,8.15175215077824
906667.661,314114.259159774,8.18408738067318
907205.894,314149.382603243,8.17657792523906
907740.882,314150.736573112,8.16989200541664
908279.316,314245.297887631,8.16643204887064
908813.849,314051.492257287,8.18114684872264
909349.086,314149.657688077,8.17269043167809
909886.536,314130.306455868,8.16208705023993
910424.159,314060.707377527,8.17123268271464
910964.098,314122.585386359,8.15653284724224
911505.598,314345.148970598,8.15348026438123
912049.019,314203.108673371,8.16027664289088
912588.627,314232.020154355,8.17347473238672
913129.222,313976.930715323,8.17277279806502
913667.572,314027.528143346,8.16136299071942
914207.724,314204.836506803,8.14902667846195
914743.52,314048.444182831,8.16450565634409
915280.412,314097.599968134,8.14232161854898
915817.166,313874.810679929,8.17712836826129
916353.065,314012.633414457,8.17627031273234
916887.918,313885.315035588,8.16250100053486
917425.923,314031.407511514,8.17463176943203
917963.973,314189.435644404,8.17233810046781
918501.941,314091.096406505,8.17602703978137
919041.003,314148.905493925,8.1689147632438
919577.833,313861.973236645,8.16378936167744
920114.642,314195.543912963,8.1903262079624
920647.272,314290.37540318,8.15820036046393
921182.983,314165.365401327,8.156839133732
921719.276,314028.050836656,8.14721639123483
922255.017,314217.424376559,8.17809477117768
922788.866,314017.169244719,8.17745271161762
923325.268,314022.393929654,8.18994301174846
923861.805,314138.509952231,8.16410800270577
924399.276,314203.443677752,8.16885745038982
924934.879,314042.815770879,8.15141961637283
925473.659,313981.983950407,8.17078925339184
926013.381,314099.42070874,8.17887039498056
926553.97,314143.272614822,8.16839274435669
927095.892,314174.116478322,8.14581579372602
927637.638,314217.218150901,8.1534030571673
928178.407,314084.391398091,8.17252776597582
928720.124,314242.22935326,8.17800432850978
929265.462,314202.313459951,8.15663760014144
929808.734,314146.873903473,8.16221552971334
930352.299,313976.836395777,8.16565457324792
930898,314286.01387682,8.16178696206962
931442.865,314156.52661068,8.17991584187898
931989.875,314045.18644809,8.16584067012497
932533.346,314201.647667134,8.15846645965611
933077.131,314063.778973242,8.16451616493441
933622.866,314038.705372047,8.1677728841129
934166.616,314213.875793736,8.15575436077756
934702.529,314245.056126915,8.16569285009618
935238.546,314035.295711491,8.14524503526716
935773.725,314117.508144754,8.19413529415441
936313.805,314129.313747501,8.18375872412463
936850.145,314226.235069202,8.18266852712222
937386.582,314056.414068803,8.16879465136026
937925.793,314134.988061515,8.17763779953485
938463.444,313973.196665788,8.17918731325407
939000.757,314007.83032766,8.16823753005806
939536.377,313908.606806584,8.17804803996647
940071.867,314047.054017995,8.16602182162518
940606.968,314200.833232511,8.16363335151201
941139.651,314147.092920276,8.17127017766669
941674.634,314137.723257083,8.1667283535667
942209.712,314049.421438107,8.16102654461391
942745.911,313970.454542825,8.17060061139761
943283.3,314134.604369942,8.16587414797094
943819.268,314182.356360601,8.18287661147465
944353.72,314176.43716477,8.16298157889076
944891.191,314146.87951352,8.16221238024104
945425.734,314008.803812436,8.15408340728978
945962.363,313991.527222649,8.1668288638984
946497.246,314025.428893084,8.16900215433673
947033.481,314108.883226434,8.17798448781075
947571.304,314053.649921914,8.18125804055284
948107.84,314158.921980225,8.17671145855296
948646.392,314013.860992071,8.17115098430507
949183.214,314277.747520332,8.16053698003851
949719.009,314159.814679881,8.17757259840808
950256.618,314176.421402623,8.16649568372963
950793.175,314106.537301132,8.15383373609234
951329.981,314216.681618753,8.17267181398951
951865.955,314157.888017327,8.171267345348
952400.986,314040.290854994,8.16617933791568
952937.089,314233.6776495,8.17120191917265
953473.667,314152.876943258,8.17234378724141
954010.636,314129.003042847,8.1648199824304
954544.692,314209.33069059,8.16263602158907
955082.405,314116.222495262,8.16431147191721
955615.511,314125.408219139,8.16391716471381
956150.49,314102.568629585,8.16460301959951
956685.126,314158.188177182,8.15559276274666
957221.547,314092.20669807,8.15439934018143
957757.241,314062.891133815,8.16751268386082
958293.398,313900.024261985,8.16196151423879
958827.935,314210.45583282,8.17199565581901
959362.2,314094.911170132,8.1525744851562
959899.926,314149.006898938,8.1485092141482
960437.643,314170.593900376,8.16661832248384
960975.413,314129.080951618,8.16378363195007
961511.564,314092.469100219,8.16310822373809
962049.178,314049.127530919,8.16098603916192
962584.368,314079.651255309,8.16393261836393
963120.083,314055.028180577,8.16383916082943
963655.247,314113.940537442,8.18608277092031
964190.169,313940.142176968,8.18523949489532
964723.327,314121.842002062,8.14992383305592
965256.305,314062.941477383,8.16150817914953
965792.202,314186.41189167,8.17020214260448
966328.808,314057.999278337,8.16313291500663
966867.591,314193.678493131,8.16556872751668
967404.504,313999.869088024,8.17056523315839
967940.354,314142.174475183,8.14969162911816
968474.236,314384.372868245,8.18172420685278
969006.431,314110.422283294,8.17622783787018
969540.286,314310.095638679,8.17232171302968
970077.576,314098.582829784,8.14983952632912
970610.453,314201.773175982,8.16311205621455
971142.208,314112.034485749,8.17582642056665
971677.735,313984.76404456,8.15490090007245
972209.145,314227.996149518,8.17039619305151
972742.245,314004.960417654,8.16533848700688
973274.389,314216.139904108,8.15359813775332
973805.632,314228.17029792,8.15852700577541
974337.456,314245.673494915,8.17188102002575
974871.36,314284.382837445,8.17910404704304
975402.789,314092.940583952,8.16564547267665
975935.692,314184.197470005,8.16631867390145
976467.016,314187.266288729,8.18144408638466
976998.216,314086.042276178,8.1694775967553
977530.993,314005.77674576,8.14466928864201
978064.073,313992.125219993,8.15786078215993
978598.408,314135.726895619,8.17876250176676
979132.809,314084.81130124,8.17318845527916
979665.498,314124.204509718,8.17276400670624
980197.459,314149.037947904,8.16900655266931
980732.088,314151.355362788,8.17032461481027
981262.295,314178.214889376,8.17098716571885
981794.423,314062.613511488,8.17602906211746
982329.231,314176.387861363,8.16204513428874
982861.589,314237.622840224,8.16888675661785
983395.823,314214.29258225,8.1654284222476
983925.712,314099.645980211,8.16921315394042
984457.613,313977.242591353,8.1565353676294
984988.228,314085.008185647,8.1546046651156
985519.136,314043.057957228,8.16458063654219
986052.818,314064.770742036,8.15802915608336
986585.698,314151.387279288,8.18003124217998
987117.798,314176.737030761,8.1674360463483
987648.26,314135.434183753,8.15569868429034
988181.838,314151.687820345,8.14976749282151
988715.295,314120.71382141,8.15518623775579
989247.364,314053.748932819,8.17453505750234
989778.206,314139.586092318,8.18846828551837
990314.685,313989.153210179,8.16689192432025
990849.962,314130.274617147,8.15509634722827
991388.018,314240.828149711,8.16870335392692
991925.039,313999.56984708,8.1494707026697
992464.72,314225.917522747,8.18097188292411
993002.232,314043.711917435,8.15002715337462
993536.117,314180.436879988,8.1772457578122
994073.401,314137.42460851,8.17331878639414
994611.843,314145.367518927,8.17676441538067
995150.034,314088.891853017,8.15595563136063
995685.839,314259.230794962,8.16991639714097
996224.14,314173.585991983,8.15504122190314
996762.802,314028.471616908,8.17355936273746
997299.476,314188.1084679,8.16612580352267
997835.795,314128.018030103,8.15546642647033
998372.358,314204.463238635,8.16475578351329
998907.272,314120.400200683,8.14726052574722
999440.883,314237.651991724,8.16104856820929
999975.139,314042.283447512,8.14195210153836
1000508.847,314038.617705166,8.15376103616296
1001041.412,314231.867811575,8.15423785266856
1001578.002,314195.948201226,8.16907292288486
1002115.231,314074.795050286,8.17222913460712
1002652.195,314005.377973909,8.16344701374123
1003186.628,314080.333344665,8.18044903469992
1003723.589,314181.04168987,8.14767756902536
1004257.738,314116.934884827,8.16189491812875
1004795.671,314174.808367317,8.1965874843805
1005333.347,314106.512016834,8.13356896730796
1005870.545,314197.668112698,8.16475383825816
1006409.203,314132.217978052,8.17698173172865
1006947.068,314049.864148928,8.16168853711661
1007482.456,314119.926942223,8.18249551728321
1008019.449,314335.380449847,8.1731675480487
1008554.25,314136.522784955,8.1556087175471
1009089.503,314159.312140206,8.14795635910836
1009623.925,313958.382817435,8.18312527146403
1010159.337,314052.819752982,8.15725640993177
1010694.454,314064.75804177,8.16790249202505
1011231.183,313945.132289835,8.18718208794644
1011767.356,314170.014559544,8.1740063767283
1012299.328,314073.169991332,8.15609184354377
1012834.785,314016.203266615,8.17257602572338
1013370.262,314093.731172744,8.14562366011896
1013904.864,314201.419826573,8.1742247913943
1014440.566,313933.246718977,8.16102828809712
1014979.397,314263.98837963,8.1441700233627
1015515.915,314048.429260466,8.18405997714984
1016051.063,314013.4797558,8.16293502484895
1016586.729,313901.408929391,8.17623093263409
1017124.879,314255.048019579,8.16383481512041
1017662.42,314178.427519748,8.16025155308152
1018198.672,313955.748353976,8.18567018420613
1018735.602,314197.953375975,8.18017460276418
1019271.098,314108.600463236,8.18072692614894
1019808.949,314191.164494303,8.16482219714418
1020343.902,314044.160357924,8.17355061247688
1020881.961,314032.38472001,8.16168223189466
1021418.75,313985.241882403,8.16128183902903
1021953.932,313975.030462723,8.1616827838309
1022489.935,313975.359536706,8.18539778111018
1023027.401,314111.063561489,8.1792438464171
1023563.699,313961.016824574,8.18282562219667
1024100.988,314131.862415019,8.14856506415441
1024636.347,314095.743787283,8.16709355287065
1025172.642,314053.927347539,8.17242067034787
1025707.726,314032.912998915,8.19810354446052
1026242.325,314080.734381519,8.16593089500405
1026775.819,314096.52097606,8.15907247134987
1027310.681,314149.120789506,8.16287690214469
1027843.898,314102.703687582,8.16875921664426
1028379.967,314070.185894718,8.17656375126924
1028915.823,313944.155936257,8.17071347580677
1029454.086,314039.037907475,8.1596046148211
1029989.373,313993.743304184,8.14391921945442
1030525.213,314214.070249389,8.16660514210239
1031058.073,314088.994543231,8.1816594538186
1031589.734,313920.067364826,8.16163536802063
1032125.214,314138.292877902,8.16435080778122
1032662.478,314012.278860422,8.15339914724848
1033194.266,314132.755548113,8.1652816140186
1033727.458,314118.932752536,8.13608965019875
1034267.112,314004.906548399,8.17274484643525
1034800.411,314096.748684847,8.1624144201095
1035335.109,314246.864464845,8.1587267783461
1035867.063,314114.544707187,8.16324705722834
1036402.298,313964.116816333,8.17668103960502
1036943.224,314176.950067307,8.15944271491508
1037482.027,314148.775814917,8.16662378430032
1038020.655,314192.720538991,8.17022009589349
1038556.405,313920.826766792,8.16728067126814
1039093.67,314132.973885318,8.13755729124339
1039629.792,314152.313912623,8.16970258406329
1040163.879,314268.469010723,8.15430892111558
1040702.565,314163.769268034,8.1657329770747
1041238.327,314088.816272598,8.17667281160491
1041774.076,314141.935725247,8.16322329732299
1042308.27,314363.991941124,8.1658939240691
1042846.383,314348.722673113,8.15718542045064
1043383.559,314063.030667919,8.1571966281583
1043919.834,314325.048413701,8.14227027555286
1044456.847,314272.925632477,8.1776674071726
1044996.908,314156.14078134,8.16313597169784
1045535.715,314228.317378204,8.1582129133204
1046073.149,314086.192450806,8.16190070569432
1046597.21,314081.323719907,8.17680460786023
1047120.099,313959.715751084,8.175385725517
1047645.835,314037.595567896,8.17132862545839
1048169.424,314135.4081368,8.1746768396613
1048693.587,314120.683727622,8.1849444289593
1049217.005,314035.282631234,8.18076517396585
1049742.418,314024.565205599,8.1678211616478
1050268.319,314159.406756556,8.17269600659036
1050793.369,314151.423306048,8.1729635214516
1051316.013,313964.745981038,8.16244830940571
1051839.477,314018.624304525,8.16216256615521
1052364.825,313953.533236809,8.1782961952358
1052889.653,313965.41804434,8.1630296706742
1053413.54,314193.709798767,8.16354517988675
1053937.707,313920.274767716,8.17879052227142
1054461.605,313974.09664579,8.1521828670239
1054988.043,314099.460286896,8.14692558569352
1055513.912,314087.03467204,8.16688821741434
1056040.905,314036.820489438,8.16173879788599
1056564.224,314010.523478884,8.16080047162164
1057088.874,314030.27705037,8.17153543642036
1057614.513,314244.773028358,8.16425163340716
1058139.407,314107.637506126,8.17345864691314
1058664.405,314236.860033983,8.1629535812748
1059186.957,314029.502190366,8.17085586327945
1059709.256,314146.181381278,8.15633169190307
1060234.334,314162.056452113,8.15973580952883
1060759.21,314010.123607374,8.15557010466907
1061284.333,314050.193377705,8.17065911727743
1061808.734,314085.197026903,8.17182680210558
1062332.16,314155.631332399,8.18862218106719
1062854.714,314214.864426679,8.17340953376587
1063378.192,314124.042738885,8.17844173462045
1063900.36,314147.162480726,8.1607460867826
1064426.192,314095.550131751,8.17531596704688
1064951.116,314053.734383947,8.16350665047125
1065475.206,314022.312556978,8.18935918105168
1065998.252,314028.30377798,8.15508467421535
1066520.554,314197.92161398,8.16205278495963
1067042.589,314101.428241082,8.1722430891857
1067565.639,313986.853907878,8.15490709490084
1068089.101,314189.033292519,8.15798329325808
1068612.92,314012.812919736,8.16721885310695
1069139.432,313970.138737298,8.16077709989754
1069666.878,314131.178128866,8.1488502142576
1070192.04,314209.229199547,8.17720991785486
1070716.791,314061.558952504,8.17295588773707
1071241.899,314278.549275337,8.18743411793033
1071766.409,314348.65253044,8.16977901465734
1072291.14,314230.698675535,8.19017484286647
1072814.347,313971.957393678,8.17438569592015
1073339.304,314165.455121069,8.16511875346798
1073865.684,313874.54142572,8.16706876578565
1074389.131,314166.306124727,8.16809142087724
1074913.464,313912.662065033,8.17194832974612
1075437.551,314317.742053269,8.17285272850375
1075958.997,314067.475479413,8.15093030633374
1076481.93,314169.608689948,8.16660956275476
1077005.645,313917.378041193,8.18237461897101
1077531.297,313898.339098532,8.16329235979867
1078054.918,314193.988410603,8.15291385536074
1078580.603,314235.349604744,8.15417733099169
1079105.601,314186.305216731,8.1464164773621
1079629.52,314033.246219287,8.16834832627416
1080152.786,314194.379385402,8.14301454571655
1080678.061,314134.111315945,8.17840425548603
1081202.095,314103.16226704,8.16998691666961
1081727.115,314228.496704911,8.17132626460083
1082253.872,314117.426422014,8.15164925011068
1082777.664,314087.953592014,8.18849680655072
1083299.79,314147.23267228,8.17288095022782
1083821.952,313944.230530678,8.16521015117151
1084344.519,314191.49458671,8.16701001996475
1084867.957,314014.935053684,8.16010703114316
1085391.691,314154.974790208,8.15926491343818
1085903.519,314120.666567107,8.16208298028491
1086399.168,313949.447010532,8.16066109817381
1086895.99,314138.429383572,8.16118447623778
1087394.813,314167.05197476,8.16875611851035
1087891.288,314035.747081098,8.15558821855045
1088388.065,314138.902226957,8.16895418980713
1088883.796,314041.671311176,8.15774947817451
1089380.224,314224.532905577,8.18266845125451
1089871.421,314133.246644209,8.15246797135673
